School ,AP>2,Taken,Avg,Passig %
New Tech,0,104,1,0
TVBus,1,8,1.8,12.5
TVEd,0,11,1,0
TVHealth,5,33,1.5,15.15151515
TVLaw,9,29,1.9,31.03448276
TVSci,81,96,3.7,84.375
TVTAG,110,120,4.1,91.66666667
BookerT,20,75,1.8,26.66666667
Rangel,4,25,1.4,16
Woodrow,3,38,1.2,7.894736842
Hillcrest,6,16,2.2,37.5
Molina,0,15,1,0
N Dallas,0,15,1,0
Skyline,9,40,1.8,22.5
Spruce,0,50,1,0
Sunset,1,7,1.3,14.28571429
White,0,7,1,0
